{
  "project_info": {
    "project_number": "396475543592",
    "project_id": "signin-example-60eb4",
    "storage_bucket": "signin-example-60eb4.appspot.com"
  },
  "client": [
    {
      "client_info": {
        "mobilesdk_app_id": "1:396475543592:android:d251a9dbe7b3531898051d",
        "android_client_info": {
          "package_name": "com.example.firebase_signin"
        }
      },
      "oauth_client": [
        {
          "client_id": "396475543592-o9an3ubpg19o65li9mr2src1hkkpsmn5.apps.googleusercontent.com",
          "client_type": 3
        }
      ],
      "api_key": [
        {
          "current_key": "AIzaSyBd1-dpmbBfhYaF7Vc-T4z-zvv1xcEkuKk"
        }
      ],
      "services": {
        "appinvite_service": {
          "other_platform_oauth_client": [
            {
              "client_id": "396475543592-o9an3ubpg19o65li9mr2src1hkkpsmn5.apps.googleusercontent.com",
              "client_type": 3
            }
          ]
        }
      }
    }
  ],
  "configuration_version": "1"
}